Player,Country
Abdul Samad,India
Shahbaz Ahmed,India
B Indrajith,India
SA Yadav,India
DG Nalkande,India
PP Shaw,India
M Ashwin,India
Ravi Bishnoi,India
A Badoni,India
YBK Jaiswal,India
Anmolpreet Singh,India
J Suchith,India
HR Shokeen,India
B Sai Sudharsan,India
D Pretorius,South Africa
B Kumar,India
DJ Mitchell,New Zealand
MM Ali,England
MK Lomror,India
Anuj Rawat,India
SO Hetmyer,West Indies
AT Rayudu,India
AF Milne,New Zealand
AR Patel,India
P Simran Singh,India
S Dhawan,India
M Vohra,India
D Brevis,South Africa
Ishan Kishan,India
KR Sen,India
FA Allen,West Indies
LH Ferguson,New Zealand
JC Buttler,England
DJ Hooda,India
MA Agarwal,India
VR Iyer,India
AS Roy,India
Yash Dayal,India
PBB Rajapaksa,India
A Manohar,India
AD Russell,West Indies
DJ Bravo,West Indies
VR Aaron,India
R Ashwin,India
R Sai Kishore,India
RD Gaikwad,India
V Kohli,India
V Shankar,India
T Natarajan,India
M Prasidh Krishna,India
Arshdeep Singh,India
R Parag,India
CV Varun,India
M Shahrukh Khan,India
KH Pandya,India
RG Sharma,India
SN Thakur,India
PJ Sangwan,India
R Tewatia,India
S Dube,India
R Sanjay Yadav,India
Sandeep Sharma,India
RK Singh,India
KD Karthik,India
Kuldeep Yadav,India
RM Patidar,India
Shivam Mavi,India
RA Tripathi,India
MK Pandey,India
KK Ahmed,India
KK Nair,India
JM Sharma,India
Harpreet Brar,India
KL Rahul,India
Shashank Singh,India
Mohammed Shami,India
RV Patel,India
Aman Hakim Khan,India
Mohammed Siraj,India
Harshit Rana,India
Washington Sundar,India
Abhishek Sharma,India
RA Bawa,India
PH Solanki,India
AM Rahane,India
JD Unadkat,India
SP Jackson,India
M Markande,India
SN Khan,India
Lalit Yadav,India
PN Mankad,India
SS Prabhudessai,India
RA Jadeja,India
N Jagadeesan,India
N Pooran,India
N Rana,India
SV Samson,India
R Dhawan,India
YS Chahal,India
RV Uthappa,India
KS Bharat,India
JJ Bumrah,India
PK Garg,India
Rasikh Salam,India
Mandeep Singh,India
RR Pant,India
Umran Malik,India
KL Nagarkoti,India
Ramandeep Singh,India
MS Dhoni,India
Avesh Khan,India
C Sakariya,India
S Kaul,India
SS Iyer,India
Mukesh Choudhary,India
UT Yadav,India
TU Deshpande,India
HH Pandya,India
D Padikkal,India
KS Sharma,India
Tilak Varma,India
VG Arora,India
Mohsin Khan,India
S Gopal,India
WP Saha,India
Kartik Tyagi,India
Basil Thampi,India
Simarjeet Singh,India
HV Patel,India
Navdeep Saini,India
Shubman Gill,India
RD Chahar,India
Akash Deep,India
K Kartikeya,India
A Tomar,India
K Gowtham,India
WP Saha,India
PVD Chameera,Sri Lanka
M Theekshana,Sri Lanka
Pathum Nissanka,Sri Lanka
PWH de Silva,Sri Lanka
JDS Neesham,New Zealand
TL Seifert,New Zealand
DP Conway,New Zealand
TG Southee,New Zealand
MJ Santner,New Zealand
OC McCoy,West Indies
E Lewis,West Indies
KA Pollard,West Indies
N Pooran,West Indies
JO Holder,West Indies
R Shepherd,West Indies
SE Rutherford,West Indies
AS Joseph,West Indies
MP Stoinis,Australia
AJ Tye,Australia
RP Meredith,Australia
JR Hazlewood,Australia
MS Wade,Australia
DR Sams,Australia
OF Smith,Australia
PJ Cummins,Australia
AJ Finch,Australia
NM Coulter-Nile,Australia
GJ Maxwell,Australia
Mustafizur Rahman,Bangladesh
HE van der Dussen,South Africa
T Stubbs,South Africa
AK Markram,South Africa
A Nortje,South Africa
K Rabada,South Africa
DA Miller,South Africa
F du Plessis,South Africa
M Jansen,South Africa
Q de Kock,South Africa
Rashid Khan,Afghanistan
Fazalhaq Farooqi,Afghanistan
TS Mills,England
JM Bairstow,England
LS Livingstone,England
DJ Willey,England
Tim David,Singapore
TH David,Singapore